"file","title","location","date","caption"
"image_1.jpg","image_1","","",""
"image_10.jpg","image_10","","",""
"image_11.jpg","image_11","","",""
"image_12.jpg","image_12","","",""
"image_13.jpg","image_13","","",""
"image_14.jpg","image_14","","",""
"image_15.jpg","image_15","","",""
"image_16.jpg","image_16","","",""
"image_17.jpeg","image_17","","",""
"image_18.jpg","image_18","","",""
"image_19.jpeg","image_19","","",""
"image_2.jpeg","image_2","","",""
"image_20.jpeg","image_20","","",""
"image_21.jpg","image_21","","",""
"image_22.jpg","image_22","","",""
"image_23.jpeg","image_23","","",""
"image_24.jpeg","image_24","","",""
"image_25.jpg","image_25","","",""
"image_26.jpg","image_26","","",""
"image_27.jpg","image_27","","",""
"image_28.jpg","image_28","","",""
"image_29.jpg","image_29","","",""
"image_3.jpg","image_3","","",""
"image_30.jpg","image_30","","",""
"image_31.jpeg","image_31","","",""
"image_32.jpg","image_32","","",""
"image_33.jpg","image_33","","",""
"image_34.jpeg","image_34","","",""
"image_35.jpg","image_35","","",""
"image_36.jpg","image_36","","",""
"image_37.jpg","image_37","","",""
"image_38.jpg","image_38","","",""
"image_39.jpg","image_39","","",""
"image_4.jpg","image_4","","",""
"image_40.jpg","image_40","","",""
"image_41.jpg","image_41","","",""
"image_42.jpg","image_42","","",""
"image_43.jpg","image_43","","",""
"image_44.jpg","image_44","","",""
"image_45.jpg","image_45","","",""
"image_46.jpg","image_46","","",""
"image_47.jpg","image_47","","",""
"image_48.jpg","image_48","","",""
"image_49.jpeg","image_49","","",""
"image_5.jpg","image_5","","",""
"image_50.jpeg","image_50","","",""
"image_51.jpg","image_51","","",""
"image_52.jpg","image_52","","",""
"image_53.jpeg","image_53","","",""
"image_54.jpg","image_54","","",""
"image_55.jpg","image_55","","",""
"image_56.jpg","image_56","","",""
"image_57.jpeg","image_57","","",""
"image_58.jpg","image_58","","",""
"image_59.jpeg","image_59","","",""
"image_6.jpg","image_6","","",""
"image_60.jpg","image_60","","",""
"image_61.jpg","image_61","","",""
"image_62.jpg","image_62","","",""
"image_63.jpg","image_63","","",""
"image_64.jpg","image_64","","",""
"image_7.jpeg","image_7","","",""
"image_8.jpg","image_8","","",""
"image_9.jpeg","image_9","","",""
